<?xml version="1.0" encoding="UTF-8"?>
<project-private xmlns="http://www.netbeans.org/ns/project-private/1">
    <editor-bookmarks xmlns="http://www.netbeans.org/ns/editor-bookmarks/2" lastBookmarkId="0"/>
    <open-files xmlns="http://www.netbeans.org/ns/projectui-open-files/2">
        <group>
            <file>file:/C:/Users/moo/Documents/UNS18/PBO/NetBeans/X6UAS/src/db/DbBarang.java</file>
            <file>file:/C:/Users/moo/Documents/UNS18/PBO/NetBeans/X6UAS/src/main/MainApp.java</file>
            <file>file:/C:/Users/moo/Documents/UNS18/PBO/NetBeans/X6UAS/src/db/DbConnection.java</file>
            <file>file:/C:/Users/moo/Documents/UNS18/PBO/NetBeans/X6UAS/src/base/BaseBarang.java</file>
            <file>file:/C:/Users/moo/Documents/UNS18/PBO/NetBeans/X6UAS/src/db/DbTransaksi.java</file>
            <file>file:/C:/Users/moo/Documents/UNS18/PBO/NetBeans/X6UAS/src/base/BaseAdmin.java</file>
            <file>file:/C:/Users/moo/Documents/UNS18/PBO/NetBeans/X6UAS/src/gui/GuiSupermarket.java</file>
        </group>
    </open-files>
</project-private>
